Frame Number(30fps),Head rotation X,Head rotation Y,Head rotation Z,Brow Left UP,Brow Left Down,Brow Right UP,Brow Right Down,Brow Centerize,Left Brow Outer Down,Right Brow Outer Down,Eye close Left,Eye close Right,Mouse Open,Mouse Left Smile,Mouse Right Smile,Mouse Left Spread,Mouse Right Spread,Mouse Left Fraw,Mouse Right Fraw,Mouse Left Centerize,Mouse Right Centerize,Cheek Left UP,Cheek Right UP,Left Eye rotation X,Left Eye rotation Y,Left Eye rotation Z,Right Eye rotation X,Right Eye rotation Y,Right Eye rotation Z,
0,184.8,2.9,181.69,0,0,3,0,5,0,0,4,4,0,7,8,13,13,4,4,2,2,2,3,0,0,0,0,0,0,
1,184.8,2.9,181.69,0,0,3,0,5,0,0,4,4,0,7.3,8.19,12.89,13,3.59,3.59,2,2,2.09,3,0,0,0,0,0,0,
2,184.8,2.9,181.69,0,0,3,0,5,0,0,4,4,0,7.59,8.39,12.8,13,3.2,3.2,2,2,2.2,3,0,0,0,0,0,0,
3,184.8,2.9,181.69,0,0,3,0,5,0,0,4,4,0,7.9,8.6,12.69,13,2.79,2.79,2,2,2.29,3,0,0,0,0,0,0,
4,184.8,2.9,181.69,0,0,3,0,5,0,0,4,4,0,8.19,8.8,12.6,13,2.4,2.4,2,2,2.4,3,0,0,0,0,0,0,
5,184.8,2.9,181.69,0,0,3,0,5,0,0,4,4,0,8.5,9,12.5,13,2,2,2,2,2.5,3,0,0,0,0,0,0,
6,184.8,2.9,181.69,0,0,3,0,5,0,0,4,4,0,8.8,9.19,12.39,13,1.6,1.6,2,2,2.59,3,0,0,0,0,0,0,
7,184.8,2.9,181.69,0,0,3,0,5,0,0,4,4,0,9.1,9.39,12.3,13,1.2,1.2,2,2,2.7,3,0,0,0,0,0,0,
8,184.8,2.9,181.69,0,0,3,0,5,0,0,4,4,0,9.39,9.6,12.19,13,0.8,0.8,2,2,2.79,3,0,0,0,0,0,0,
9,184.8,2.9,181.69,0,0,3,0,5,0,0,4,4,0,9.69,9.8,12.1,13,0.4,0.4,2,2,2.9,3,0,0,0,0,0,0,
10,184.8,2.9,181.69,0,0,3,0,5,0,0,4,4,0,10,10,12,13,0,0,2,2,3,3,0,0,0,0,0,0,
11,184.8,2.9,181.6,0,0,3,0,5,0,0,4,4,0,11,12,12,12,0,0,2,2,4,4,0,0,0,0,0,0,
12,184.8,2.9,181.6,0,0,3,0,5,0,0,4,4,0,11.5,12,11.5,11.5,0,0,2,2,4,4,0,0,0,0,0,0,
13,184.8,2.9,181.6,0,0,3,0,5,0,0,4,4,0,12,12,11,11,0,0,2,2,4,4,0,0,0,0,0,0,
14,184.8,2.9,181.5,0,0,3,0,5,0,0,4,4,0,12,13,12,12,0,0,2,2,4,4,0,0,0,0,0,0,
15,184.8,2.9,181.44,0,0,3,0,5,0,0,4,4,0,12.5,13,11.5,11.5,0,0,2,2,4,4,0,0,0,0,0,0,
16,184.8,2.9,181.39,0,0,3,0,5,0,0,4,4,0,13,13,11,11,0,0,2,2,4,4,0,0,0,0,0,0,
17,184.8,2.9,181.39,0,0,3,0,5,0,0,4,4,0,13,13,10,11,0,0,2,2,4,4,0,0,0,0,0,0,
18,184.8,2.9,181.39,0,0,3,0,5,0,0,4,4,0,13,13,10,10,0,0,2,2,4,4,0,0,0,0,0,0,
19,184.8,2.9,181.5,0,0,3,0,5,0,0,4,4,0,10,10,12,12,1,1,2,2,3,3,0,0,0,0,0,0,
20,184.8,2.9,181.39,0,0,3,0,5,0,0,4,4,0,10,10,11,11,1,1,2,2,3,3,0,0,0,0,0,0,
21,184.8,2.9,181.5,0,0,3,0,5,0,0,4,4,0,8,8,11,11,1,1,2,2,3,3,0,0,0,0,0,0,
22,184.8,2.9,181.5,5,0,8,0,5,0,0,4,4,0,5,5,10,11,1,1,2,2,2,2,0,0,0,0,0,0,
23,184.8,2.9,181.5,15,0,17,0,5,3,3,4,4,0,3,3,10,10,1,1,2,2,1,1,0,0,0,0,0,0,
24,184.8,2.9,181.5,30,0,32,0,5,7,7,4,4,0,3,3,8,8,0,0,2,2,1,1,0,0,0,0,0,0,
25,184.8,2.9,181.55,39.5,0,41,0,5,9.5,9.5,3.5,3.5,0,1.5,1.5,6.5,6.5,0,0,1.5,1.5,0.5,0.5,0,0,0,0,0,0,
26,184.8,2.9,181.6,49,0,50,0,5,12,12,3,3,0,0,0,5,5,0,0,1,1,0,0,0,0,0,0,0,0,
27,184.8,2.9,181.6,69,0,69,0,5,17,17,0,0,0,0,0,2,2,0,0,3,3,0,0,0,0,0,0,0,0,
28,184.8,2.9,181.69,83,0,84,0,5,22,22,0,0,0,0,0,1,1,0,0,5,5,0,0,0,0,0,0,0,0,
29,184.8,2.9,181.8,94,0,94,0,5,24,24,0,0,0,0,0,0,0,0,0,9,9,0,0,0,0,0,0,0,0,
30,184.8,2.9,181.8,100,0,100,0,5,25,25,0,0,0,0,0,0,0,0,0,14,14,0,0,0,0,0,0,0,0,
31,184.8,2.9,181.8,100,0,100,0,5,25,25,0,0,0,0,0,0,0,0,0,19,19,0,0,0,0,0,0,0,0,
32,184.8,2.9,181.89,100,0,100,0,5,25,25,0,0,0,0,0,0,0,0,0,21,21,0,0,0,1.39,0,0,1.39,0,
33,184.8,2.9,181.89,100,0,100,0,5,25,25,0,0,0,0,0,0,0,0,0,19,19,0,0,0,1.39,0,0,1.39,0,
34,184.8,2.9,181.89,100,0,100,0,5,25,25,0,0,0,0,0,0,0,0,0,15,15,0,0,0,1.39,0,0,1.39,0,
35,184.8,2.9,181.89,100,0,100,0,5,25,25,0,0,0,0,0,0,0,0,0,13,13,0,0,0,1.39,0,0,1.39,0,
36,184.8,2.9,181.89,100,0,100,0,5,25,25,0,0,0,0,0,0,0,0,0,12.5,12.5,0,0,0,1.39,0,0,1.39,0,
37,184.8,2.9,181.89,100,0,100,0,5,25,25,0,0,0,0,0,0,0,0,0,12,12,0,0,0,1.39,0,0,1.39,0,
38,184.8,2.9,181.89,99,0,99,0,5,25,25,0,0,0,0,0,0,0,0,0,13,13,0,0,0,0,0,0,0,0,
39,184.8,2.9,181.89,87,0,87,0,5,22,22,0,0,0,0,0,0,0,0,0,14,14,0,0,0,0,0,0,0,0,
40,184.8,2.9,181.8,69,0,69,0,5,18,18,0,0,0,0,0,0,0,2,2,16,16,0,0,0,0,0,0,0,0,
41,184.8,2.9,181.8,49,5,49,5,5,14,14,0,0,0,3,3,2,2,2,2,13,13,1,1,0,0,0,0,0,0,
42,184.8,2.9,181.8,30,15,30,15,10,9,9,0,0,0,8,8,4,4,2,2,10,10,3,3,0,0,0,0,0,0,
43,184.8,2.9,181.8,15,26,15,26,18,4,4,0,0,0,8,8,6,6,2,2,5,5,3,3,0,0,0,0,0,0,
44,184.8,2.9,181.89,6,39,6,39,33,2,2,0,0,0,9,9,8,8,2,2,3,3,3,3,0,0,0,0,0,0,
45,184.8,2.9,182,3,53,3,53,49,1,1,3,3,0,9,9,11,11,1,1,1,1,3,3,0,0,0,0,0,0,
46,184.8,2.9,182,1,63,1,63,67,0,0,4,4,0,6,6,10,10,2,2,0,0,2,2,0,0,0,0,0,0,
47,184.8,2.9,182,0.5,66,0.5,66,73.5,0,0,4.5,4.5,0,3.5,3.5,9.5,9.5,2.5,2.5,0,0,1,1,0,0,0,0,0,0,
48,184.8,2.9,182,0,69,0,69,80,0,0,5,5,0,1,1,9,9,3,3,0,0,0,0,0,0,0,0,0,0,
49,184.8,2.9,182,0,73,0,73,88,0,0,5,5,0,1,1,8,8,5,5,0,0,0,0,0,0,0,0,0,0,
50,184.8,2.9,182,0,75,0,75,90,0,0,5,5,0,0,0,7,7,7,7,0,0,0,0,0,0,0,0,0,0,
51,184.8,2.9,182,0,75,0,75,89,0,0,5,5,0,0,0,6,6,6,6,0,0,0,0,0,0,0,0,0,0,
52,184.8,2.9,182.1,0,76,0,76,86,0,0,5,5,0,0,0,6,6,6,6,0,0,0,0,0,0,0,0,0,0,
53,184.8,2.9,182.1,0,76,0,76,83,0,0,5,5,0,2,2,8,8,5,5,0,0,1,1,0,0,0,0,0,0,
54,184.8,2.9,182.1,0,76,0,76,82,0,0,5,5,0,4,4,12,12,3,3,0,0,1,1,0,0,0,0,0,0,
55,184.8,2.9,182.1,0,76,0,76,81,0,0,5,5,0,7,7,14,14,2,2,0,0,2,2,0,0,0,0,0,0,
56,184.8,2.9,182.1,0,76,0,76,81,0,0,5,5,0,7,7,14,15,2,2,0,0,2,2,0,0,0,0,0,0,
57,184.8,2.9,182.1,0,73,0,73,81,0,0,5,5,0,10,10,14,14,0,0,0,0,3,3,0,0,0,0,0,0,
58,184.8,2.9,182,5,64,5,64,72,0,0,5,5,0,8,8,11,11,0,0,2,2,3,3,0,0,0,0,0,0,
59,184.8,2.9,181.89,18,51,18,51,58,3,3,4,4,0,6,6,6,6,0,0,5,5,2,2,0,0,0,0,0,0,
60,184.8,2.9,181.89,37,36,37,36,43,7,7,1,1,0,3,3,4,4,0,0,9,9,1,1,0,0,0,0,0,0,
61,184.8,2.9,181.8,58,22,58,22,28,12,12,0,0,0,3,3,1,1,0,0,12,12,1,1,0,0,0,0,0,0,
62,184.8,2.9,181.69,81,9,81,9,12,17,17,0,0,24,0,0,1,1,0,0,14,14,0,0,0,0,0,0,0,0,
63,184.8,2.9,181.69,98,4,98,4,5,22,22,0,0,52,0,0,0,0,0,0,13,13,0,0,0,0,0,0,0,0,
64,184.8,2.9,181.69,99,3,99,3,3.5,23,23,0,0,64.5,0,0,0,0,0,0,12,12,0,0,0,0,0,0,0,0,
65,184.8,2.9,181.69,100,2,100,2,2,24,24,0,0,77,0,0,0,0,0,0,11,11,0,0,0,0,0,0,0,0,
66,184.8,2.9,181.69,100,1,100,1,1,25,25,0,0,97,21,21,0,0,0,0,9,9,7,7,0,0,0,0,0,0,
67,184.8,2.9,181.69,100,0,100,0,0,25,25,0,0,100,21,21,0,0,0,0,8,8,7,7,0,0,0,0,0,0,
68,184.8,2.9,181.69,100,0,100,0,0,25,25,0,0,100,21,21,0,0,0,0,7,7,7,7,0,0,0,0,0,0,
69,184.8,2.9,181.8,100,0,100,0,0,26,26,0,0,100,21,21,0,0,0,0,7,7,7,7,0,0,0,0,0,0,
70,184.8,3.09,181.89,100,0,100,0,0,26,26,0,0,100,21,21,0,0,0,0,9,9,7,7,0,0,0,0,0,0,
71,184.8,3.4,181.89,100,0,100,0,0,26,26,0,0,100,0,0,0,0,0,0,10,10,0,0,0,0,0,0,0,0,
72,184.8,3.7,181.89,100,0,100,0,0,26,26,0,0,100,0,0,0,0,0,0,13,13,0,0,0,0,0,0,0,0,
73,184.8,3.9,181.89,100,0,100,0,0,26,26,0,0,100,0,0,0,0,0,0,13.5,13.5,0,0,0,0,0,0,0,0,
74,184.8,4.09,181.89,100,0,100,0,0,26,26,0,0,100,0,0,0,0,0,0,14,14,0,0,0,0,0,0,0,0,
75,184.8,4.4,181.8,100,0,100,0,0,26,26,0,0,100,0,0,0,0,0,0,15,15,0,0,0,-1.79,0,0,-1.79,0,
76,184.8,4.59,181.69,100,0,100,0,0,26,26,0,0,100,21,21,2,2,0,0,14,14,7,7,0,-1.79,0,0,-1.79,0,
77,184.8,4.64,181.69,100,0,100,0,0,26,26,0,0,93,33.5,34,5,5.5,0,0,13.5,13.5,11,11.5,0,-1.79,0,0,-1.79,0,
78,184.8,4.69,181.69,100,0,100,0,0,26,26,0,0,86,46,47,8,9,0,0,13,13,15,16,0,-1.79,0,0,-1.79,0,
79,184.6,4.69,181.69,96,0,96,0,0,23,23,0,0,69,74,80,20,22,0,0,11,11,25,27,0,-1.79,0,0,-1.79,0,
80,184.3,4.69,181.69,84,0,84,0,0,20,20,0,0,56,100,100,40,44,0,0,11,11,38,41,0,-1.79,0,0,-1.79,0,
81,183.8,4.69,181.8,68,0,68,0,0,17,17,0,0,51,100,100,63,72,0,0,11,11,54,60,0,0,0,0,0,0,
82,183.19,4.69,181.89,54,0,54,0,0,13,13,0,0,48,100,100,88,100,0,0,11,11,63,75,0,0,0,0,0,0,
83,182.6,4.69,182,43,0,43,0,0,10,10,0,0,47,100,100,100,100,0,0,11,11,73,90,0,0,0,0,0,0,
84,182.39,4.69,182.05,38.5,0,38.5,0,0,9,9,0,0,47.5,100,100,100,100,0,0,11,11,77.5,95,0,0,0,0,0,0,
85,182.19,4.69,182.1,34,0,34,0,0,8,8,0,0,48,100,100,100,100,0,0,11,11,82,100,0,0,0,0,0,0,
86,181.89,4.69,182.1,29,0,29,0,0,7,7,0,0,49,100,100,100,100,0,0,11,11,86,100,0,0,0,0,0,0,
87,181.69,4.69,182.1,29,0,29,0,0,7,7,0,0,50,100,100,100,100,0,0,11,11,88,100,0,0,0,0,0,0,
88,181.69,4.69,182.1,31,0,31,0,0,7,7,0,0,51,100,100,100,100,0,0,11,11,92,100,0,0,0,0,0,0,
89,181.6,4.69,182.1,34,0,34,0,0,7,7,0,0,48,100,100,100,100,0,0,11,11,93,100,0,0,0,0,0,0,
90,181.6,4.69,182.1,37,0,37,0,0,7,7,0,0,46,100,100,100,100,0,0,11,11,94,100,0,0,0,0,0,0,
91,181.6,4.69,182.1,44,0,44,0,0,7,7,0,0,45,100,100,100,100,0,0,11,11,95,100,0,0,0,0,0,0,
92,181.6,4.69,182.1,49,0,49,0,0,7,7,0,0,44,100,100,100,100,0,0,11,11,94,100,0,0,0,0,0,0,
93,181.8,4.69,182,53,0,53,0,0,7,7,0,0,32,100,100,100,100,0,0,11,11,86,100,0,0,0,0,0,0,
94,182.1,4.69,182,60,0,60,0,0,7,7,0,0,24,100,100,100,100,0,0,11,11,74,100,0,0,0,0,0,0,
95,182.35,4.69,181.94,63.5,0,63.5,0,0,7,7,0,0,16.5,100,100,99,100,0,0,11,11,67.5,95,0,0,0,0,0,0,
96,182.6,4.69,181.89,67,0,67,0,0,7,7,0,0,9,100,100,98,100,0,0,11,11,61,90,0,0,0,0,0,0,
97,183.19,4.69,181.8,74,0,74,0,0,7,7,0,0,0,100,100,77,100,0,0,11,11,43,66,0,0,0,0,0,0,
98,183.8,4.69,181.8,81,0,81,0,0,7,7,0,0,0,78,100,53,77,0,0,13,13,26,42,0,0,0,0,0,0,
99,184.19,4.69,181.8,89,0,89,0,0,7,7,0,0,0,42,69,34,47,0,0,18,18,14,23,0,0,0,0,0,0,
100,184.35,4.69,181.8,92.5,0,92.5,0,0,8,8,0,0,0,30,49,28.5,37,0,0,22,22,10,16.5,0,0,0,0,0,0,
101,184.5,4.69,181.8,96,0,96,0,0,9,9,0,0,0,18,29,23,27,0,0,26,26,6,10,0,0,0,0,0,0,
102,184.6,4.69,181.8,100,0,100,0,0,12,12,0,0,0,0,0,15,15,0,0,37,37,0,0,0,0,0,0,0,0,
103,184.69,4.69,181.8,100,0,100,0,0,15,15,0,0,0,0,0,6,6,0,0,48,48,0,0,0,0,0,0,0,0,
104,184.69,4.69,181.8,100,0,100,0,0,19,19,0,0,0,0,0,3,3,0,0,58,58,0,0,0,0,0,0,0,0,
105,184.69,4.69,181.8,100,0,100,0,0,22,22,0,0,0,0,0,1,1,0,0,66,66,0,0,0,0,0,0,0,0,
106,184.69,4.69,181.8,100,0,100,0,0,22,22,0,0,0,0,0,1,1,0,0,66,66,0,0,0,0,0,0,0,0,
107,184.94,4.69,181.8,100,0,100,0,0,23,23,0,0,0,0,0,0.5,0.5,0,0,68.5,68.5,0,0,0,0,0,0,0,0,
108,185.19,4.69,181.8,100,0,100,0,0,24,24,0,0,0,0,0,0,0,0,0,71,71,0,0,0,0,0,0,0,0,
109,185.5,4.69,181.8,100,0,100,0,0,24,24,0,0,0,0,0,0,0,0,0,70,70,0,0,0,0,0,0,0,0,
110,185.8,4.69,181.89,100,0,100,0,0,25,25,0,0,0,0,0,0,0,0,0,72,72,0,0,0,0,0,0,0,0,
111,186.19,4.69,181.89,100,0,100,0,0,25,25,0,0,0,0,0,0,0,0,0,74,74,0,0,0,0,0,0,0,0,
112,186.3,4.69,181.89,100,0,100,0,0,25,25,0,0,0,0,0,0,0,0,0,75,75,0,0,0,0,0,0,0,0,
113,186.35,4.69,181.89,100,0,100,0,0,25,25,0,0,0,0,0,0,0,0,0,74,74,0,0,0,0,0,0,0,0,
114,186.39,4.69,181.89,100,0,100,0,0,25,25,0,0,0,0,0,0,0,0,0,73,73,0,0,0,0,0,0,0,0,
115,186.39,4.69,181.8,100,0,100,0,0,22,22,0,0,0,2,2,1,1,0,0,67,67,1,1,0,0,0,0,0,0,
116,186.19,4.69,181.8,88,0,88,0,0,18,18,0,0,0,7,10,5,7,0,0,54,54,2,3,0,0,0,0,0,0,
117,186.04,4.69,181.8,80.5,0,80.5,0,0,15.5,15.5,0,0,0,11,15,8.5,11.5,0,0,46,46,3.5,5,0,0,0,0,0,0,
118,185.89,4.69,181.8,73,0,73,0,0,13,13,0,0,0,15,20,12,16,0,0,38,38,5,7,0,0,0,0,0,0,
119,185.5,4.69,181.8,55,0,55,0,0,8,8,0,0,0,24,33,20,28,0,0,24,24,8,11,0,-2.2,0,0,-2.2,0,
120,185.19,4.69,181.8,38,0,38,0,0,4,4,0,0,0,37,51,29,41,0,0,13,13,12,17,0,-2.2,0,0,-2.2,0,
121,184.8,4.69,181.8,27,0,27,0,0,1,1,0,0,0,49,67,39,53,0,0,5,5,16,22,0,-2.2,0,0,-2.2,0,
122,184.5,4.69,181.8,20,2,20,2,0,1,1,0,0,0,60,81,52,70,0,0,2,2,20,27,0,-2.2,0,0,-2.2,0,
123,184.1,4.69,181.8,15,5,15,5,0,0,0,0,0,0,73,100,63,89,0,0,1,1,24,34,0,-2.2,0,0,-2.2,0,
124,183.8,4.69,181.8,12,11,12,11,0,0,0,0,0,0,86,100,74,100,0,0,0,0,29,43,0,0,0,0,0,0,
125,183.5,4.69,181.89,10,18,10,18,0,0,0,0,0,0,94,100,85,100,0,0,0,0,31,50,0,0,0,0,0,0,
126,183.19,4.69,181.89,10,25,10,25,0,0,0,0,0,0,100,100,97,100,0,0,0,0,34,55,0,0,0,0,0,0,
127,183.1,4.69,181.89,9.5,28,9.5,28,0,0,0,1.5,1.5,0,100,100,98.5,100,0,0,0,0,35.5,58,0,0,0,0,0,0,
128,183,4.69,181.89,9,31,9,31,0,0,0,3,3,0,100,100,100,100,0,0,0,0,37,61,0,0,0,0,0,0,
129,182.8,4.69,181.89,9,36,9,36,2,0,0,7,7,0,100,100,100,100,0,0,0,0,41,64,0,0,0,0,0,0,
130,182.5,4.69,181.8,9,38,9,38,5,0,0,9,9,0,100,100,100,100,0,0,0,0,43,64,0,0,0,0,0,0,
131,182.35,4.69,181.8,9,38,9,38,6.5,0,0,9,9,0,100,100,100,100,0,0,0,0,44,64,0,0,0,0,0,0,
132,182.19,4.69,181.8,9,38,9,38,8,0,0,9,9,0,100,100,100,100,0,0,0,0,45,64,0,0,0,0,0,0,
133,181.8,4.69,181.8,9,39,9,39,11,0,0,10,10,0,100,100,100,100,0,0,0,0,46,64,0,0,0,0,0,0,
134,181.5,4.69,181.8,9,42,9,42,14,0,0,10,10,0,100,100,100,100,0,0,0,0,47,65,0,0,0,0,0,0,
135,181.39,4.69,181.8,9,45,9,45,14,0,0,10,10,0,100,100,100,100,0,0,0,0,47,64,0,0,0,0,0,0,
136,181.3,4.69,181.8,9,50,9,50,11,0,0,10,10,0,100,100,100,100,0,0,0,0,46,67,0,0,0,0,0,0,
137,181.3,4.69,181.8,9,52,9,52,9,0,0,10,10,0,100,100,100,100,0,0,0,0,48,70,0,0,0,0,0,0,
138,181.3,4.69,181.8,9,53,9,53,6,0,0,10,10,0,100,100,100,100,0,0,0,0,51,74,0,0,0,0,0,0,
139,181.3,4.69,181.8,9,52,9,52,2,0,0,10,10,0,100,100,100,100,0,0,0,0,52,74,0,0,0,0,0,0,
140,181.3,4.69,181.8,9,49,9,49,1,0,0,10,10,0,100,100,100,100,0,0,0,0,59,81,0,-2.2,0,0,-2.2,0,
141,181.3,4.69,181.8,9,45,9,45,0,0,0,10,10,13,100,100,100,100,0,0,0,0,70,89,0,-2.2,0,0,-2.2,0,
142,181.3,4.69,181.89,9,44,9,44,0,0,0,10,10,46,100,100,100,100,0,0,0,0,80,95,0,-2.2,0,0,-2.2,0,
143,181.3,4.69,181.89,9,43.5,9,43.5,0,0,0,10,10,62,100,100,100,100,0,0,0,0,85,95,0,-2.2,0,0,-2.2,0,
144,181.3,4.69,181.89,9,43,9,43,0,0,0,10,10,78,100,100,100,100,0,0,0,0,90,95,0,-2.2,0,0,-2.2,0,
145,181.3,4.69,181.89,9,47,9,47,3,0,0,12,12,100,100,100,100,100,0,0,0,0,99,93,0,-2.2,0,0,-2.2,0,
146,181.3,4.69,181.89,9,54,9,54,7,0,0,15,15,100,100,100,100,100,0,0,0,0,99,85,0,0,0,0,0,0,
147,181.3,4.69,181.89,9,64,9,64,10,0,0,18,18,100,100,100,100,100,0,0,0,0,97,73,0,0,0,0,0,0,
148,181.3,4.69,181.89,9,76,9,78,12,0,0,21,21,100,100,100,100,100,0,0,0,0,93,63,0,0,0,0,0,0,
149,181.3,4.69,181.8,9,87,9,94,13,0,0,24,26,100,100,100,100,100,0,0,0,0,88,62,0,0,0,0,0,0,
150,181.3,4.69,181.69,9,95,9,100,12,0,0,25,30,100,100,100,100,100,0,0,0,0,84,65,0,0,0,0,0,0,
151,181.3,4.69,181.6,9,100,9,100,9,0,0,28,33,100,100,100,100,100,0,0,0,0,85,71,0,0,0,0,0,0,
152,181.3,4.69,181.6,9,100,9,100,7,0,0,31,36,100,100,100,100,100,0,0,0,0,86,74,0,0,0,0,0,0,
153,181.3,4.69,181.55,9,100,9,100,7,0,0,32.5,37.5,100,100,100,100,100,0,0,0,0,86.5,76.5,0,0,0,0,0,0,
154,181.3,4.69,181.5,9,100,9,100,7,0,0,34,39,100,100,100,100,100,0,0,0,0,87,79,0,0,0,0,0,0,
155,181.3,4.69,181.39,9,100,9,100,6,0,0,37,41,100,100,100,100,100,0,0,0,0,89,82,0,0,0,0,0,0,
156,181.3,4.69,181.39,9,100,9,100,6,0,0,40,41,100,100,100,100,100,0,0,0,0,90,84,0,0,0,0,0,0,
157,181.3,4.69,181.3,9,100,9,100,6,0,0,41,41,100,100,100,100,100,0,0,0,0,91,83,0,0,0,0,0,0,
158,181.3,4.69,181.3,9,100,9,100,9,0,0,42,42,100,100,100,100,100,0,0,0,0,91,85,0,0,0,0,0,0,
159,181.3,4.69,181.3,9,100,9,100,9,0,0,42,42,100,100,100,100,100,0,0,0,0,90,84,0,0,0,0,0,0,
160,181.3,4.69,181.5,9,100,9,100,8,0,0,42,42,100,100,100,100,100,0,0,0,0,92,86,0,0,0,0,0,0,
161,181.3,4.69,181.69,9,100,9,100,7,0,0,42,42,100,100,100,100,100,0,0,0,0,94,90,0,-1.6,0,0,-1.6,0,
162,181.3,4.69,181.89,9,100,9,100,6,0,0,42,42,100,100,100,100,100,0,0,0,0,93,97,0,-1.6,0,0,-1.6,0,
163,181.3,4.69,182.1,9,91,9,95,2,0,0,40,39,97,100,100,100,100,0,0,0,0,90,100,0,-1.6,0,0,-1.6,0,
164,181.5,4.69,182.1,9,77,9,82,1,0,0,36,35,80,100,100,100,100,0,0,0,0,87,100,0,-1.6,0,0,-1.6,0,
165,181.89,4.69,182.19,9,62,9,64,0,0,0,29,28,62,100,100,100,100,0,0,0,0,78,100,0,-1.6,0,0,-1.6,0,
166,182.3,4.9,182.1,9,46,9,46,0,0,0,21,21,45,100,100,100,100,0,0,0,0,69,96,0,0,0,0,0,0,
167,182.8,5.19,182,9,30,9,30,0,0,0,13,13,31,100,100,100,100,0,0,0,0,59,83,0,0,0,0,0,0,
168,183.6,5.59,181.89,13,17,13,17,0,3,3,7,7,11,100,100,90,100,0,0,0,0,50,66,0,0,0,0,0,0,
169,184.39,5.9,181.8,22,7,22,7,0,6,6,3,3,3,100,100,67,85,0,0,0,0,39,49,0,0,0,0,0,0,
170,184.64,6.1,181.8,28,5,28,5,0,8,8,2.5,2.5,1.5,96,100,57,71,0,0,0,0,35,42.5,0,0,0,0,0,0,
171,184.89,6.3,181.8,34,3,34,3,0,10,10,2,2,0,92,100,47,57,0,0,0,0,31,36,0,0,0,0,0,0,
172,185.39,6.4,181.69,49,1,49,1,0,15,15,1,1,0,61,70,29,34,0,0,1,1,20,23,0,0,0,0,0,0,
173,185.64,6.44,181.69,56.5,1,56.5,1,0,17,17,1,1,0,50,54.5,23,25.5,0,0,2.5,2.5,16.5,18,0,0,0,0,0,0,
174,185.89,6.5,181.69,64,1,64,1,0,19,19,1,1,0,39,39,17,17,0,0,4,4,13,13,0,0,0,0,0,0,
175,186.1,6.5,181.6,76,0,76,0,0,21,21,1,1,0,20,20,9,9,0,0,9,9,7,7,0,0,0,0,0,0,
176,186.19,6.5,181.6,85,0,85,0,0,22,22,1,1,0,8,8,5,5,0,0,20,20,3,3,0,0,0,0,0,0,
177,186.19,6.5,181.5,91,0,91,0,0,22,22,1,1,0,0,0,3,3,0,0,32,32,0,0,0,0,0,0,0,0,
178,186.3,6.5,181.5,96,0,96,0,0,22,22,1,1,0,0,0,1,1,0,0,43,43,0,0,0,0,0,0,0,0,
179,186.3,6.4,181.5,99,0,99,0,0,22,22,1,1,3,0,0,1,1,0,0,51,51,0,0,0,0,0,0,0,0,
180,186.3,6.09,181.6,100,0,100,0,0,22,22,1,1,9,0,0,0,0,0,0,59,59,0,0,0,0,0,0,0,0,
181,186.3,5.94,181.64,100,0,100,0,0,22,22,1,1,12,0,0,0,0,0,0,60.5,60.5,0,0,0,0,0,0,0,0,
182,186.3,5.8,181.69,100,0,100,0,0,22,22,1,1,15,0,0,0,0,0,0,62,62,0,0,0,0,0,0,0,0,
183,186.3,5.19,181.69,100,0,100,0,0,22,22,1,1,14,0,0,0,0,0,0,67,67,0,0,0,0,0,0,0,0,
184,186.3,5.14,181.69,100,0,100,0,0,22,22,1,1,14,0,0,0,0,0,0,68.5,68.5,0,0,0,0,0,0,0,0,
185,186.3,5.09,181.69,100,0,100,0,0,22,22,1,1,14,0,0,0,0,0,0,70,70,0,0,0,0,0,0,0,0,
186,186.3,5,181.69,100,0,100,0,0,22,22,1,1,16,0,0,0,0,0,0,68,68,0,0,0,0,0,0,0,0,
187,186.3,5,181.6,100,0,100,0,0,22,22,12,12,19,0,0,0,0,0,0,64,64,0,0,0,0,0,0,0,0,
188,186.3,5,181.5,100,0,100,0,0,20,20,28,28,28,0,0,0,0,0,0,62,62,0,0,0,0,0,0,0,0,
189,186.3,5,181.39,98,0,98,0,0,16,16,47,47,35,0,0,0,0,0,0,55,55,0,0,0,0,0,0,0,0,
190,186.3,5,181.39,91,0,91,0,0,12,12,54,54,39,0,0,0,0,0,0,48,48,0,0,0,0,0,0,0,0,
191,186.3,5,181.39,83,0,83,0,0,8,8,56,56,34,0,0,0,0,0,0,42,42,0,0,0,0,0,0,0,0,
192,186.3,5,181.39,74,0,74,0,0,6,6,44,44,19,0,0,0,0,0,0,35,35,0,0,0,0,0,0,0,0,
193,186.3,5,181.5,68,0,68,0,0,7,7,27,27,10,5,5,0,0,0,0,24,24,2,2,0,0,0,0,0,0,
194,186.3,5,181.39,67,0,67,0,0,10,10,7,7,5,8,8,2,2,0,0,16,16,3,3,0,0,0,0,0,0,
195,186.3,5,181.3,70,0,70,0,0,14,14,0,0,13,14,15,5,6,0,0,10,10,5,5,0,0,0,0,0,0,
196,186.3,4.84,181.25,73,0,73,0,0,16,16,0,0,20.5,14,15,6,7,0,0,7.5,7.5,5,5,0,0,0,0,0,0,
197,186.3,4.69,181.19,76,0,76,0,0,18,18,0,0,28,14,15,7,8,0,0,5,5,5,5,0,0,0,0,0,0,
198,186.3,4.4,181.19,82,0,82,0,0,19,19,0,0,37,14,15,8,9,0,0,8,8,5,5,0,0,0,0,0,0,
199,186.3,3.9,181.1,90,0,90,0,0,20,20,0,0,33,9,10,9,10,0,0,15,15,3,3,0,0,0,0,0,0,
200,186.3,3.5,181.1,94,0,94,0,0,23,23,0,0,34,6,7,7,8,0,0,25,25,2,2,0,0,0,0,0,0,
201,186.3,3,181.1,98,0,98,0,0,26,26,0,0,23,0,0,4,4,0,0,38,38,0,0,0,0,0,0,0,0,
202,186.3,2.9,181.14,98.5,0,98.5,0,0,28,28,0,0,27,3.5,3.5,3,3,0,0,42,42,1,1,0,0.3,0,0,0.3,0,
203,186.3,2.79,181.19,99,0,99,0,0,30,30,0,0,31,7,7,2,2,0,0,46,46,2,2,0,0.6,0,0,0.6,0,
204,186.3,2.75,181.19,97,0,97,0,0,31.5,31.5,0,0,31,11.5,11.5,2,2,0,0,45,45,3.5,3.5,0,0.6,0,0,0.6,0,
205,186.3,2.7,181.19,95,0,95,0,0,33,33,0,0,31,16,16,2,2,0,0,44,44,5,5,0,0.6,0,0,0.6,0,
206,186.3,2.7,181.1,86,0,86,0,0,37,37,0,0,24,27,27,3,3,0,0,37,37,9,9,0,0.6,0,0,0.6,0,
207,186.3,2.7,181.1,73,0,73,0,4,39,39,0,0,6,34,34,5,5,0,0,26,26,11,11,0,0.6,0,0,0.6,0,
208,186.3,2.7,181,56,2,56,2,12,37,37,0,0,2,38,38,7,7,0,0,14,14,13,13,0,0.6,0,0,0.6,0,
209,186,2.7,180.89,37,5,37,5,24,31,31,0,0,0,31,31,9,9,0,0,6,6,10,10,0,0,0,0,0,0,
210,185.69,2.7,180.8,22,8,22,8,37,24,24,0,0,6,21,21,8,8,0,0,2,2,7,7,0,0,0,0,0,0,
211,185.5,2.7,180.8,17,10,17,10,42.5,20.5,20.5,0,0,7.5,16,16,7.5,7.5,0,0,4.5,4.5,5.5,5.5,0,0,0,0,0,0,
212,185.3,2.7,180.8,12,12,12,12,48,17,17,0,0,9,11,11,7,7,0,0,7,7,4,4,0,0,0,0,0,0,
213,184.89,2.7,180.69,7,13,7,13,50,12,12,0,0,14,4,4,5,5,0,0,19,19,1,1,0,0,0,0,0,0,
214,184.39,2.7,180.6,11,12,11,12,44,11,11,0,0,15,0,0,3,3,0,0,33,33,0,0,0,0,0,0,0,0,
215,184.3,2.7,180.6,21,9,21,9,34,15,15,0,0,19,0,0,1,1,0,0,46,46,0,0,0,0,0,0,0,0,
216,184.19,2.7,180.5,34,6,34,6,23,21,21,0,0,24,0,0,1,1,0,0,63,63,0,0,0,0,0,0,0,0,
217,184.19,2.7,180.5,50,2,50,2,13,29,29,0,0,17,0,0,0,0,0,0,65,65,0,0,0,0,0,0,0,0,
218,184.1,2.9,180.6,66,1,66,1,10,34,34,0,0,13,0,0,0,0,0,0,58,58,0,0,0,0,0,0,0,0,
219,184.1,3.2,180.69,78,0,78,0,8,38,38,0,0,18,0,0,0,0,0,0,48,48,0,0,0,0,0,0,0,0,
220,184.1,3.5,180.69,86,0,86,0,7,39,39,0,0,27,0,0,0,0,0,0,38,38,0,0,0,0,0,0,0,0,
221,184.1,3.65,180.69,88,0,88,0,7,39.5,39.5,0,0,28.5,0,0,0,0,0,0,33.5,33.5,0,0,0,0,0,0,0,0,
222,184.1,3.79,180.69,90,0,90,0,7,40,40,0,0,30,0,0,0,0,0,0,29,29,0,0,0,0,0,0,0,0,
223,184.1,4.09,180.8,90,0,90,0,7,40,40,0,0,43,0,0,0,0,0,0,31,31,0,0,0,0,0,0,0,0,
224,184.1,4.3,180.69,87,0,87,0,7,40,40,0,0,60,0,0,0,0,0,0,37,37,0,0,0,0,0,0,0,0,
225,184.1,4.3,180.6,86,0,86,0,7,40,40,0,0,52,0,0,0,0,0,0,45,45,0,0,0,0,0,0,0,0,
226,184.1,4.3,180.6,86,0,86,0,7,40,40,0,0,50,0,0,0,0,0,0,60,60,0,0,0,0,0,0,0,0,
227,184.3,4.3,180.5,88,0,88,0,7,40,40,0,0,38,0,0,0,0,0,0,70,70,0,0,0,0,0,0,0,0,
228,184.6,4.3,180.39,91,0,91,0,7,40,40,0,0,31,0,0,0,0,0,0,75,75,0,0,0,0,0,0,0,0,
229,185,4.3,180.5,94,0,94,0,7,40,40,0,0,38,0,0,0,0,0,0,75,75,0,0,0,0,0,0,0,0,
230,185.3,4.3,180.5,91,0,91,0,7,40,40,0,0,45,15,15,0,0,0,0,70,70,5,5,0,0,0,0,0,0,
231,185.39,4.35,180.5,88,0,88,0,7,40,40,0,0,46.5,24,24.5,1,1,0,0,63,63,8,8,0,0,0,0,0,0,
232,185.5,4.4,180.5,85,0,85,0,7,40,40,0,0,48,33,34,2,2,0,0,56,56,11,11,0,0,0,0,0,0,
233,185.39,4.4,180.69,76,0,76,0,7,40,40,0,0,38,33,34,4,4,0,0,38,38,11,11,0,0,0,0,0,0,
234,185.25,4.4,180.75,71.5,0,71.5,0,7,40,40,0,0,30,38,39.5,4,4.5,0,0,30.5,30.5,12.5,13,0,0,0,0,0,0,
235,185.1,4.4,180.8,67,0,67,0,7,40,40,0,0,22,43,45,4,5,0,0,23,23,14,15,0,0,0,0,0,0,
236,185,4.4,180.89,60,0,60,0,7,40,40,0,0,9,43,45,5,5,0,0,12,12,14,15,0,0,0,0,0,0,
237,184.89,4.4,180.89,58,0,58,0,7,40,40,0,0,0,28,29,5,5,0,0,8,8,9,10,0,0,0,0,0,0,
238,185.1,4.4,181,55,0,55,0,7,37,37,0,0,20,11,11,3,3,0,0,10,10,4,4,0,0,0,0,0,0,
239,185.39,4.4,180.89,52,0,52,0,7,32,32,0,0,34,11,11,1,1,0,0,16,16,4,4,0,0,0,0,0,0,
240,185.54,4.4,180.85,50,0,50,0,7,28.5,28.5,0,0,38.5,5.5,5.5,1,1,0,0,21.5,21.5,2,2,0,0,0,0,0,0,
241,185.69,4.4,180.8,48,0,48,0,7,25,25,0,0,43,0,0,1,1,0,0,27,27,0,0,0,0,0,0,0,0,
242,185.89,4.4,180.8,40,0,40,0,7,18,18,0,0,36,0,0,0,0,0,0,40,40,0,0,0,0,0,0,0,0,
243,185.89,4.4,180.69,30,0,30,0,7,10,10,0,0,23,0,0,0,0,0,0,48,48,0,0,0,0,0,0,0,0,
244,186,4.4,180.69,23,0,23,0,7,6,6,0,0,10,5,6,2,2,0,0,49,49,2,2,0,0,0,0,0,0,
245,186,4.4,180.69,19,0,19,0,7,2,2,0,0,24,16,19,6,7,0,0,45,45,5,6,0,0,0,0,0,0,
246,185.8,4.4,180.69,15,2,15,2,7,1,1,0,0,31,31,38,11,14,0,0,34,34,10,13,0,0,0,0,0,0,
247,185.5,4.4,180.8,14,5,14,5,7,0,0,0,0,28,31,38,16,19,0,0,21,21,10,13,0,0,0,0,0,0,
248,185.1,4.4,180.8,13,8,13,8,7,0,0,0,0,14,31,38,19,21,0,0,15,15,10,13,0,0,0,0,0,0,
249,184.89,4.4,180.8,14,8.5,14,8.5,7,1.5,1.5,0,0,8,28.5,35.5,18.5,20.5,0,0,14.5,14.5,9.5,12,0,0,0,0,0,0,
250,184.69,4.4,180.8,15,9,15,9,7,3,3,0,0,2,26,33,18,20,0,0,14,14,9,11,0,0,0,0,0,0,
251,184.39,4.4,180.89,19,9,19,9,7,8,8,0,0,0,15,19,14,15,0,0,20,20,5,6,0,0,0,0,0,0,
252,184.5,4.4,180.89,25,8,25,8,7,15,15,0,0,0,0,0,9,9,0,0,33,33,0,0,0,0,0,0,0,0,
253,184.8,4.4,181,35,5,35,5,7,21,21,0,0,0,0,0,4,4,0,0,48,48,0,0,0,0,0,0,0,0,
254,185.19,4.4,181,46,2,46,2,7,28,28,0,0,0,0,0,2,2,0,0,58,58,0,0,0,0,0,0,0,0,
255,185.6,4.59,181,56,1,56,1,7,32,32,0,0,3,0,0,1,1,0,0,68,68,0,0,0,0,0,0,0,0,
256,185.89,4.8,181,66,0,66,0,7,31,31,0,0,14,0,0,0,0,0,0,76,76,0,0,0,0,0,0,0,0,
257,185.8,5.19,180.89,68,0,68,0,7,27,27,0,0,16,0,0,0,0,0,0,79,79,0,0,0,0,0,0,0,0,
258,185.64,5.34,180.85,66,0,66,0,7,24.5,24.5,0,0,13,0,0,0,0,0,0,76,76,0,0,0,0,0,0,0,0,
259,185.5,5.5,180.8,64,0,64,0,7,22,22,0,0,10,0,0,0,0,0,0,73,73,0,0,0,0,0,0,0,0,
260,185.3,5.8,180.8,56,0,56,0,7,17,17,0,0,0,4,4,1,1,0,0,64,64,1,1,0,0,0,0,0,0,
261,184.89,6,180.89,46,0,46,0,7,11,11,0,0,0,7,8,4,5,0,0,50,50,2,3,0,0,0,0,0,0,
262,184.8,6,180.89,35,0,35,0,7,8,8,0,0,0,13,14,7,8,0,0,35,35,4,5,0,0,0,0,0,0,
263,184.69,6.09,181,28,0,28,0,7,6,6,0,0,16,26,26,10,11,0,0,19,19,9,9,0,0,0,0,0,0,
264,184.69,6.09,181,28,0,28,0,7,6,6,5,5,24,26,26,12,13,0,0,12,12,9,9,0,0,0,0,0,0,
265,184.69,6.09,181,28,0,28,0,7,6,6,5,5,24,26,26,12,13,0,0,12,12,9,9,0,0,0,0,0,0,
266,184.69,6.09,180.89,32,0,32,0,7,5,5,23,23,18,21,22,12,12,0,0,11,11,7,7,0,0,0,0,0,0,
267,184.69,6.09,180.8,35,0,35,0,7,8,8,43,43,12,19,19,9,9,0,0,15,15,6,6,0,0,0,0,0,0,
268,184.69,6.09,180.8,36,0,36,0,7,11,11,64,64,5,12,12,6,6,0,0,20,20,4,4,0,-1.6,0,0,-1.6,0,
269,184.69,6.09,180.69,37,0,37,0,7,15,15,85,85,17,0,0,4,4,0,0,23,23,0,0,0,-1.6,0,0,-1.6,0,
270,184.69,6.09,180.69,35,0,35,0,7,16,16,83,83,22,7.5,7.5,3.5,3.5,0,0,22.5,22.5,2.5,2.5,0,-1.6,0,0,-1.6,0,
271,184.69,6.09,180.69,33,0,33,0,7,17,17,81,81,27,15,15,3,3,0,0,22,22,5,5,0,-1.6,0,0,-1.6,0,
272,184.69,6.09,180.69,28,0,28,0,7,16.5,16.5,66,66,32,23.5,23.5,4.5,4.5,0,0,20,20,8,8,0,-1.6,0,0,-1.6,0,
273,184.69,6.09,180.69,23,0,23,0,7,16,16,51,51,37,32,32,6,6,0,0,18,18,11,11,0,-1.6,0,0,-1.6,0,
274,184.69,6.09,180.69,22,0,22,0,7,12,12,31,31,32,32,32,7,7,0,0,20,20,11,11,0,0,0,0,0,0,
275,184.69,6.09,180.6,21,0,21,0,7,9,9,11,11,31,32,32,7,7,0,0,25,25,11,11,0,0,0,0,0,0,
276,184.69,6.09,180.6,21,0,21,0,7,7,7,3,3,23,17,17,6,6,0,0,31,31,6,6,0,0,0,0,0,0,
277,184.69,6.09,180.6,23,0,23,0,7,6,6,0,0,14,4,5,7,8,0,0,36,36,1,2,0,0,0,0,0,0,
278,184.69,6.09,180.6,24.5,0,24.5,0,7,6,6,0,0,13,7,8.5,9,10.5,0,0,34.5,34.5,2,3,0,0,0,0,0,0,
279,184.69,6.09,180.6,26,0,26,0,7,6,6,0,0,12,10,12,11,13,0,0,33,33,3,4,0,0,0,0,0,0,
280,184.69,6.09,180.69,30,0,30,0,7,6,6,0,0,18,19,23,14,17,0,0,26,26,6,8,0,0,0,0,0,0,
281,184.69,6.09,180.69,32,0,32,0,7,6,6,0,0,20.5,19,23,16,19,0,0,24,24,6,8,0,0,0,0,0,0,
282,184.69,6.09,180.69,34,0,34,0,7,6,6,0,0,23,19,23,18,21,0,0,22,22,6,8,0,0,0,0,0,0,
283,184.89,5.9,180.8,38,0,38,0,7,6,6,0,0,18,19,23,19,22,0,0,22,22,6,8,0,0,0,0,0,0,
284,185.19,5.4,180.8,40,0,40,0,7,6,6,0,0,15,15,18,16,19,0,0,27,27,5,6,0,0,0,0,0,0,
285,185.5,4.9,180.69,41,0,41,0,7,6,6,0,0,21,9,11,11,12,0,0,38,38,3,4,0,0,0,0,0,0,
286,185.89,4.3,180.69,41,0,41,0,7,6,6,0,0,32,0,0,7,7,0,0,52,52,0,0,0,0,0,0,0,0,
287,186.19,3.7,180.69,46,0,46,0,7,9,9,10,10,66,0,0,3,3,0,0,55,55,0,0,0,0,0,0,0,0,
288,186.39,3.4,180.69,53,0,53,0,7,12,12,27,27,88,0,0,1,1,0,0,51,51,0,0,0,0,0,0,0,0,
289,186.39,3.3,180.69,55.5,0,55.5,0,7,13,13,36.5,36.5,85.5,0,0,0.5,0.5,0,0,47,47,0,0,0,0,0,0,0,0,
290,186.39,3.2,180.69,58,0,58,0,7,14,14,46,46,83,0,0,0,0,0,0,43,43,0,0,0,0,0,0,0,0,
291,186.19,3.09,180.69,62,0,62,0,7,15,15,65,65,53,16,19,3,4,0,0,31,31,5,6,0,0,0,0,0,0,
292,185.89,3.09,180.8,63,0,63,0,7,16,16,73,73,18,25,30,13,15,0,0,17,17,8,10,0,0,0,0,0,0,
293,185.6,3.09,180.69,59,0,59,0,7,14,14,64,64,25,30,37,25,30,0,0,10,10,10,12,0,0,0,0,0,0,
294,185.19,3.09,180.69,53,0,53,0,7,10,10,48,48,29,41,51,32,39,0,0,6,6,14,17,0,0,0,0,0,0,
295,185,3.09,180.69,50.5,0,50.5,0,7,9.5,9.5,38.5,38.5,35,51,60.5,34,41,0,0,4.5,4.5,17,20,0,0,0,0,0,0,
296,184.8,3.09,180.69,48,0,48,0,7,9,9,29,29,41,61,70,36,43,0,0,3,3,20,23,0,0,0,0,0,0,
297,184.6,3.09,180.69,43,0,43,0,7,8,8,8,8,41,68,74,34,41,0,0,1,1,23,25,0,0,0,0,0,0,
298,184.6,3.09,180.6,39,0,41,0,7,8,8,0,0,21,60,64,26,31,0,0,12,12,20,21,0,0,0,0,0,0,
299,184.7,3.09,180.6,36.5,0,41,0,7,8,8,0,0,15.5,57,60.5,20.5,24,0,0,19.5,19.5,19,20,0,0,0,0,0,0,
300,184.8,3.09,180.6,34,0,41,0,7,8,8,0,0,10,54,57,15,17,0,0,27,27,18,19,0,0,0,0,0,0,
301,185.1,3.09,180.5,33,0,42,0,7,8,8,0,0,4,43,43,8,8,0,0,41,41,14,14,0,0,0,0,0,0,
302,185.25,3.09,180.44,32.5,0,42.5,0,7,8,8,0,0,3,33,33,6,6,0,0,45,45,11,11,0,0,0,0,0,0,
303,185.39,3.09,180.39,32,0,43,0,7,8,8,0,0,2,23,23,4,4,0,0,49,49,8,8,0,0,0,0,0,0,
304,185.6,3.09,180.35,32,0,43,0,7,8,8,0,0,4,13.5,13.5,3.5,3.5,0,0,51.5,51.5,4.5,4.5,0,0,0,0,0,0,
305,185.8,3.09,180.3,32,0,43,0,7,8,8,0,0,6,4,4,3,3,0,0,54,54,1,1,0,0,0,0,0,0,
306,186.19,3.09,180.3,30,0,40,0,7,8,8,0,0,21,4,4,1,1,0,0,45,45,1,1,0,0,0,0,0,0,
307,186.3,3.09,180.39,27,0,37,0,7,8,8,0,0,32,4,4,0,0,0,0,30,30,1,1,0,0,0,0,0,0,
308,186.35,3.09,180.39,25.5,0,34.5,0,7,9,9,0,0,25.5,4,4,0,0,0,0,26,26,1,1,0,0,0,0,0,0,
309,186.39,3.09,180.39,24,0,32,0,7,10,10,0,0,19,4,4,0,0,0,0,22,22,1,1,0,0,0,0,0,0,
310,186.39,3.09,180.44,23,0,30,0,7,12,12,0,0,16,4,4,0,0,0,0,23,23,1,1,0,-1.3,0,0,-1.3,0,
311,186.39,3.09,180.5,22,0,28,0,7,14,14,0,0,13,4,4,0,0,0,0,24,24,1,1,0,-2.6,0,0,-2.6,0,
312,186.39,3.29,180.6,22,0,27,0,7,18,18,0,0,17,0,0,0,0,0,0,31,31,0,0,0,-2.6,0,0,-2.6,0,
313,186.39,3.44,180.64,23.5,0,28,0,7,20,20,0,0,18.5,2.5,2.5,0,0,0,0,34,34,1,1,0,-2.6,0,0,-2.6,0,
314,186.39,3.59,180.69,25,0,29,0,7,22,22,0,0,20,5,5,0,0,0,0,37,37,2,2,0,-2.6,0,0,-2.6,0,
315,186.39,3.9,180.69,28,0,29,0,7,29,29,0,0,9,5,5,0,0,0,0,38,38,2,2,0,-2.6,0,0,-2.6,0,
316,186.5,4.19,180.8,25,2,26,2,10,28,28,0,0,0,7,7,0,0,0,0,33,33,2,2,0,-2.6,0,0,-2.6,0,
317,186.3,4.5,180.8,20,9,22,9,18,24,24,0,0,0,7,7,0,0,0,0,24,24,2,2,0,0,0,0,0,0,
318,186.14,4.55,180.85,17,13.5,19,13.5,24,21.5,21.5,0,0,0,7,7,0,0,0,0,18,18,2,2,0,0,0,0,0,0,
319,186,4.59,180.89,14,18,16,18,30,19,19,0,0,0,7,7,0,0,0,0,12,12,2,2,0,0,0,0,0,0,
320,185.85,4.64,180.94,11,23,12,23,39,16.5,16.5,0,0,0,4.5,4.5,0,0,0,0,9,9,1.5,1.5,0,0,0,0,0,0,
321,185.69,4.69,181,8,28,8,28,48,14,14,0,0,0,2,2,0,0,0,0,6,6,1,1,0,0,0,0,0,0,
322,185.39,4.69,181.1,3,42,3,42,69,6,6,0,0,0,2,2,0,0,0,0,6,6,1,1,0,0,0,0,0,0,
323,185.25,4.69,181.2,2,48.5,2,48.5,78,4,4,0,0,0,1.5,1.5,0.5,0.5,3.5,3.5,6,6,0.5,0.5,0,0,0,0,0,0,
324,185.1,4.69,181.3,1,55,1,55,87,2,2,0,0,0,1,1,1,1,7,7,6,6,0,0,0,0,0,0,0,0,
325,185.05,4.69,181.35,1,60,1,60,92.5,1.5,1.5,1.5,1.5,0,0.5,0.5,2.5,2.5,7,7,6,6,0,0,0,0,0,0,0,0,
326,185,4.69,181.39,1,65,1,65,98,1,1,3,3,0,0,0,4,4,7,7,6,6,0,0,0,0,0,0,0,0,
327,184.89,4.69,181.39,0,73,0,73,100,0,0,6,6,0,2,2,5,5,7,7,5,5,1,1,0,0,0,0,0,0,
328,184.89,4.69,181.39,0,76.5,0,76.5,100,0,0,7,7,0,3,3.5,6.5,6.5,7,7,4.5,4.5,1,1.5,0,0,0,0,0,0,
329,184.89,4.69,181.39,0,80,0,80,100,0,0,8,8,0,4,5,8,8,7,7,4,4,1,2,0,0,0,0,0,0,
330,184.89,4.69,181.39,0,83,0,83,100,0,0,8,8,0,5,6,9,10,7,7,2,2,2,2,0,0,0,0,0,0,
331,184.89,4.69,181.39,0,84,0,84,100,0,0,9,9,0,6,6,9,10,0,0,1,1,2,2,0,0,0,0,0,0,
332,184.89,4.69,181.3,0,84,0,84,100,0,0,9,9,0,6,6,7,8,0,0,0,0,2,2,0,0,0,0,0,0,
333,184.89,4.69,181.3,0,84,0,84,100,0,0,9,9,0,5,5.5,6.5,7.5,0.5,0.5,0,0,1.5,2,0,0,0,0,0,0,
334,184.89,4.69,181.3,0,84,0,84,100,0,0,9,9,0,4,5,6,7,1,1,0,0,1,2,0,0,0,0,0,0,
335,184.89,4.69,181.39,0,85,0,85,100,0,0,9,9,0,1,1,6,6,2,2,0,0,0,0,0,0,0,0,0,0,
336,184.89,4.69,181.39,0,85,0,85,100,0,0,9,9,0,0,0,6,6,2,2,0,0,0,0,0,0,0,0,0,0,
337,184.89,4.69,181.39,0,85,0,85,100,0,0,9,9,0,0,0,5,5,3,3,0,0,0,0,0,0,0,0,0,0,
338,184.89,4.69,181.39,0,85,0,85,100,0,0,9,9,0,0,0,5.5,5.5,3.5,3.5,0,0,0,0,0,0,0,0,0,0,
339,184.89,4.69,181.39,0,85,0,85,100,0,0,9,9,0,0,0,6,6,4,4,0,0,0,0,0,0,0,0,0,0,
340,184.89,4.69,181.3,0,85,0,85,100,0,0,9,9,0,0,0,8,8,4,4,0,0,0,0,0,0,0,0,0,0,
341,184.89,4.69,181.19,0,80,0,80,100,0,0,9,9,0,0,0,8,8,3,3,1,1,0,0,0,0,0,0,0,0,
342,184.89,4.69,181.19,5,68,5,68,92,0,0,9,9,0,0,0,7,7,3,3,5,5,0,0,0,0,0,0,0,0,
343,184.89,4.69,181.1,20,53,20,53,75,2,2,6,6,0,0,0,7,7,2,2,8,8,0,0,0,0,0,0,0,0,
344,184.89,4.69,181.1,29.5,45,29.5,45,65.5,4,4,4.5,4.5,0,0,0,6.5,6.5,1.5,1.5,10,10,0,0,0,0,0,0,0,0,
345,184.89,4.69,181.1,39,37,39,37,56,6,6,3,3,0,0,0,6,6,1,1,12,12,0,0,0,0,0,0,0,0,
346,184.89,4.69,181.1,60,21,60,21,35,10,10,0,0,0,6,6,4,4,0,0,15,15,2,2,0,0,0,0,0,0,
347,184.89,4.69,181.1,81,9,81,9,15,14,14,0,0,0,6,6,5,5,0,0,14,14,2,2,0,0,0,0,0,0,
348,184.89,4.69,181,98,4,98,4,6,18,18,0,0,0,6,6,8,8,0,0,14,14,2,2,0,0,0,0,0,0,
349,184.89,4.69,181.05,99,3,99,3,4.5,19,19,0,0,0,6,6,8,8,0,0,13.5,13.5,2,2,0,0,0,0,0,0,
350,184.89,4.69,181.1,100,2,100,2,3,20,20,0,0,0,6,6,8,8,0,0,13,13,2,2,0,0,0,0,0,0,
351,184.89,4.69,181.1,100,1,100,1,1,21,21,0,0,0,6,6,9,9,0,0,12,12,2,2,0,0,0,0,0,0,
352,184.89,4.69,181.1,100,0,100,0,0,21,21,0,0,0,0,0,8,8,0,0,13,13,0,0,0,0,0,0,0,0,
353,184.89,4.69,181.1,100,0,100,0,0,21,21,0,0,0,0,0,5,5,0,0,16,16,0,0,0,0,0,0,0,0,
354,184.89,4.69,181.14,100,0,100,0,0,21,21,0,0,0,0,0,3.5,3.5,0,0,16.5,16.5,0,0,0,0,0,0,0,0,
355,184.89,4.69,181.19,100,0,100,0,0,21,21,0,0,0,0,0,2,2,0,0,17,17,0,0,0,0,0,0,0,0,
356,184.89,4.69,181.1,100,0,100,0,0,21,21,0,0,0,0,0,1,1,0,0,16,16,0,0,0,0,0,0,0,0,
357,184.89,4.69,181.1,100,0,100,0,0,21,21,0,0,0,4,4,0,0,0,0,14,14,1,1,0,0,0,0,0,0,
358,184.89,4.69,181.1,100,0,100,0,0,21,21,0,0,0,4,4,0,0,0,0,11,11,1,1,0,0,0,0,0,0,
359,184.89,4.69,181.1,100,0,100,0,0,21,21,0,0,0,4,4,0,0,0,0,8,8,1,1,0,0,0,0,0,0,
360,184.89,4.69,181.1,100,0,100,0,0,21,21,0,0,0,4.5,4.5,0,0,0,0,6.5,6.5,1.5,1.5,0,0,0,0,0,0,
361,184.89,4.69,181.1,100,0,100,0,0,21,21,0,0,0,5,5,0,0,0,0,5,5,2,2,0,0,0,0,0,0,
362,184.89,4.69,181.1,95,0,95,0,0,19,19,0,0,0,5,5,0,0,0,0,4,4,2,2,0,0,0,0,0,0,
363,184.89,4.69,181.1,81,0,81,0,0,15,15,0,0,0,1,1,0,0,0,0,3,3,0,0,0,0,0,0,0,0,
364,184.89,4.69,181.1,64,0,64,0,0,11,11,0,0,0,1,1,0,0,0,0,2,2,0,0,0,0,0,0,0,0,
365,184.89,4.69,181.1,44,0,44,0,0,7,7,0,0,0,1,1,0,0,0,0,4,4,0,0,0,0,0,0,0,0,
366,184.89,4.69,181.1,28,2,28,2,0,3,3,0,0,0,4,4,0,0,0,0,6,6,1,1,0,0,0,0,0,0,
367,184.89,4.69,181,17,6,17,6,0,1,1,0,0,0,4,4,0,0,0,0,7,7,1,1,0,0,0,0,0,0,
368,184.89,4.69,181,13,9,13,9,1,1,1,0,0,0,4,4,0,0,0,0,7,7,1,1,0,0,0,0,0,0,
369,184.89,4.69,181,9,12,9,12,2,1,1,0,0,0,4,4,0,0,0,0,7,7,1,1,0,0,0,0,0,0,
370,184.89,4.69,181,4,19,4,19,5,0,0,0,0,0,4,4,0,0,0,0,7,7,1,1,0,0,0,0,0,0,
371,184.89,4.69,181,2,24,2,24,8,0,0,0,0,0,4,4,0,0,0,0,5,5,1,1,0,0,0,0,0,0,
372,184.89,4.69,181,1,26,1,26,10,0,0,1,1,0,0,0,0,0,0,0,2,2,0,0,0,0,0,0,0,0,
373,184.89,4.69,180.89,0,25,0,25,10,0,0,2,2,0,0,0,0,0,0,0,1,1,0,0,0,0,0,0,0,0,
374,184.89,4.69,180.89,0,27,0,27,15,0,0,3,3,0,0,0,2,2,0,0,1,1,0,0,0,0,0,0,0,0,
375,184.89,4.69,181,0,31,0,31,24,0,0,3,3,0,1,1,4,4,0,0,1,1,0,0,0,2.2,0,0,2.2,0,
376,184.89,4.69,181,0,34.5,0,34.5,30,0,0,3,3,0,1,1,5,5,0,0,1,1,0,0,0,2.2,0,0,2.2,0,
377,184.89,4.69,181,0,38,0,38,36,0,0,3,3,0,1,1,6,6,0,0,1,1,0,0,0,2.2,0,0,2.2,0,
378,184.89,4.69,181.1,0,47,0,47,54,0,0,3,3,0,1,1,6,6,0,0,3,3,0,0,0,2.2,0,0,2.2,0,
379,184.89,4.69,181.1,0,53,0,53,74,0,0,3,3,0,1,1,7,7,0,0,6,6,0,0,0,2.2,0,0,2.2,0,
380,184.89,4.69,181.19,0,51,0,51,86,0,0,3,3,0,0,0,5,5,0,0,10,10,0,0,0,2.2,0,0,2.2,0,
381,184.89,4.8,181.14,1.5,46.5,1.5,46.5,83.5,3,3,3,3,0,0,0,4,4,0,0,11,11,0,0,0,1.1,0,0,1.1,0,
382,184.89,4.9,181.1,3,42,3,42,81,6,6,3,3,0,0,0,3,3,0,0,12,12,0,0,0,0,0,0,0,0,
383,184.89,5.19,180.89,10,31,10,31,70,13,13,3,3,0,1,1,3,3,0,0,13,13,0,0,0,0,0,0,0,0,
384,185.1,5.5,180.8,20,19,20,19,52,22,22,3,3,0,1,1,5,5,0,0,11,11,0,0,0,0,0,0,0,0,
385,185.3,5.9,180.69,30,10,30,10,32,30,30,3,3,0,1,1,6,6,0,0,8,8,0,0,0,0,0,0,0,0,
386,185.6,6.19,180.6,41,4,41,4,14,39,39,3,3,0,1,1,7,7,0,0,6,6,0,0,0,0,0,0,0,0,
387,185.89,6.3,180.5,50,2,50,2,6,42,42,3,3,4,0,0,7,7,0,0,10,10,0,0,0,0,0,0,0,0,
388,186.19,6.4,180.5,56,1,56,1,2,43,43,3,3,17,0,0,6,6,0,0,16,16,0,0,0,0,0,0,0,0,
389,186.25,6.4,180.5,58,0.5,58,0.5,1.5,43.5,43.5,3,3,23.5,0,0,4,4,0,0,20,20,0,0,0,0,0,0,0,0,
390,186.3,6.4,180.5,60,0,60,0,1,44,44,3,3,30,0,0,2,2,0,0,24,24,0,0,0,0,0,0,0,0,
391,186.39,6.4,180.5,64,0,64,0,0,44,44,3,3,48,0,0,1,1,0,0,33,33,0,0,0,0,0,0,0,0,
392,186.39,6.4,180.5,71,0,71,0,0,44,44,14,14,68,0,0,0,0,0,0,39,39,0,0,0,0,0,0,0,0,
393,186.39,6.4,180.5,74,0,74,0,0,44,44,22,22,70,0,0,0,0,0,0,41.5,41.5,0,0,0,0,0,0,0,0,
394,186.39,6.4,180.5,77,0,77,0,0,44,44,30,30,72,0,0,0,0,0,0,44,44,0,0,0,0,0,0,0,0,
395,186.39,6.4,180.5,84,0,84,0,0,44,44,48,48,80,0,0,0,0,0,0,48,48,0,0,0,0,0,0,0,0,
396,186.39,6.4,180.5,88,0,88,0,0,44,44,54,54,76,0,0,0,0,0,0,49,49,0,0,0,0,0,0,0,0,
397,186.39,6.4,180.39,91,0,91,0,0,44,44,56,56,68,0,0,0,0,0,0,48,48,0,0,0,0,0,0,0,0,
398,186.39,6.4,180.39,90,0,90,0,0,44,44,44,44,56,0,0,0,0,0,0,50,50,0,0,0,0,0,0,0,0,
399,186.39,6.4,180.35,88.5,0,88.5,0,0,44,44,35,35,53,0,0,0,0,0,0,50.5,50.5,0,0,0,0,0,0,0,0,
400,186.39,6.4,180.3,87,0,87,0,0,44,44,26,26,50,0,0,0,0,0,0,51,51,0,0,0,0,0,0,0,0,
401,186.39,6.4,180.3,83,0,83,0,0,44,44,7,7,42,0,0,0,0,0,0,52,52,0,0,0,0,0,0,0,0,
402,186.39,6.4,180.3,81,0,81,0,0,44,44,0,0,36,0,0,0,0,0,0,54,54,0,0,0,0,0,0,0,0,
403,186.39,6.4,180.3,81,0,81,0,0,44,44,0,0,26,0,0,0,0,0,0,57,57,0,0,0,0,0,0,0,0,
404,186.39,6.4,180.3,81,0,81,0,0,44,44,0,0,20,0,0,0,0,0,0,61,61,0,0,0,0,0,0,0,0,
405,186.39,6.4,180.39,80,0,80,0,0,44,44,0,0,29,0,0,0,0,0,0,61,61,0,0,0,0,0,0,0,0,
406,186.39,6.4,180.5,80,0,80,0,0,44,44,0,0,46,12,12,0,0,0,0,56,56,4,4,0,0,0,0,0,0,
407,186.39,6.4,180.55,80,0,80,0,0,44,44,0,0,50.5,19,19,1,1,0,0,52,52,6.5,6.5,0,0,0,0,0,0,
408,186.39,6.4,180.6,80,0,80,0,0,44,44,0,0,55,26,26,2,2,0,0,48,48,9,9,0,0,0,0,0,0,
409,186.39,6.4,180.6,80,0,80,0,0,44,44,0,0,53,40,47,6,8,0,0,38,38,13,16,0,0,0,0,0,0,
410,186.39,6.4,180.6,80,0,80,0,0,44,44,0,0,55,57,68,12,16,0,0,25,25,19,23,0,0,0,0,0,0,
411,186.39,6.4,180.6,80,0,80,0,0,44,44,0,0,59,74,91,17,23,0,0,13,13,25,30,0,0,0,0,0,0,
412,186.39,6.4,180.6,77,0,77,0,0,44,44,0,0,56,79,96,19,25,0,0,6,6,26,32,0,0,0,0,0,0,
413,186.39,6.4,180.64,75,0,75,0,0,44,44,0,0,53,72,89.5,19.5,25,0,0,5,5,24,30,0,0,0,0,0,0,
414,186.39,6.4,180.69,73,0,73,0,0,44,44,0,0,50,65,83,20,25,0,0,4,4,22,28,0,0,0,0,0,0,
415,186.39,6.4,180.69,69,0,69,0,0,42,42,5,5,46,50,62,16,20,0,0,4,4,17,21,0,0,0,0,0,0,
416,186.39,6.4,180.8,64,0,64,0,0,40,40,23,23,45,46,52,10,12,0,0,6,6,15,17,0,0,0,0,0,0,
417,186.39,6.4,180.8,61.5,0,61.5,0,0,38.5,38.5,32.5,32.5,45,38,41,8,9,0,0,7,7,12.5,13.5,0,0,0,0,0,0,
418,186.39,6.4,180.8,59,0,59,0,0,37,37,42,42,45,30,30,6,6,0,0,8,8,10,10,0,0,0,0,0,0,
419,186.39,6.4,180.69,57,0,57,0,0,34,34,51,51,50,13,13,3,3,0,0,10,10,4,4,0,0,0,0,0,0,
420,186.39,6.4,180.69,58,0,58,0,0,31,31,55,55,63,13,13,1,1,0,0,11,11,4,4,0,0,0,0,0,0,
421,186.39,6.3,180.5,63,0,63,0,0,30,30,43,43,77,13,13,0,0,0,0,11,11,4,4,0,0,0,0,0,0,
422,186.39,6,180.39,68,0,68,0,0,29,29,26,26,83,0,0,0,0,0,0,17,17,0,0,0,0,0,0,0,0,
423,186.39,5.84,180.35,71,0,71,0,0,29,29,16,16,86.5,0,0,0,0,0,0,22,22,0,0,0,0,0,0,0,0,
424,186.39,5.69,180.3,74,0,74,0,0,29,29,6,6,90,0,0,0,0,0,0,27,27,0,0,0,0,0,0,0,0,
425,186.39,5.55,180.3,77,0,77,0,0,30,30,3,3,88.5,0,0,0,0,0,0,32.5,32.5,0,0,0,0,0,0,0,0,
426,186.39,5.4,180.3,80,0,80,0,0,31,31,0,0,87,0,0,0,0,0,0,38,38,0,0,0,0,0,0,0,0,
427,186.39,4.8,180.3,83,0,83,0,0,35,35,0,0,85,0,0,0,0,0,0,51,51,0,0,0,0,0,0,0,0,
428,186.39,4.19,180.5,85,0,85,0,0,36,36,0,0,78,0,0,0,0,0,0,68,68,0,0,0,0,0,0,0,0,
429,186.39,3.7,180.6,86,0,86,0,0,37,37,0,0,57,0,0,0,0,0,0,80,80,0,0,0,0,0,0,0,0,
430,186.6,3.2,180.69,86,0,86,0,0,37,37,0,0,20,0,0,0,0,0,0,85,85,0,0,0,0,0,0,0,0,
431,186.89,2.7,180.8,86,0,86,0,0,34,34,0,0,7,0,0,0,0,0,0,86,86,0,0,0,0,0,0,0,0,
432,187.19,2.5,181,83,0,86,0,0,31,31,0,0,8,0,0,0,0,0,0,80,80,0,0,0,0,0,0,0,0,
433,187.19,2.4,181,79,0,86,0,0,29,29,0,0,19,6,6,2,2,0,0,67,67,2,2,0,0,0,0,0,0,
434,187.1,2.4,181,74,0,86,0,2,29,29,0,0,28,17,17,5,5,0,0,48,48,6,6,0,0,0,0,0,0,
435,186.8,2.4,181.1,69,0,84,0,6,28,28,0,0,32,17,17,8,8,0,0,38,38,6,6,0,0,0,0,0,0,
436,186.39,2.4,181,65,0,80,0,10,28,28,0,0,15,17,17,9,9,0,0,34,34,6,6,0,0,0,0,0,0,
437,185.89,2.4,180.89,62,0,76,0,12,28,28,0,0,2,17,17,10,10,0,0,38,38,6,6,0,0,0,0,0,0,
438,185.79,2.4,180.85,62,0,74,0,12,28,28,0,0,8.5,14,14,9,9,0,0,43,43,5,5,0,0,0,0,0,0,
439,185.69,2.4,180.8,62,0,72,0,12,28,28,0,0,15,11,11,8,8,0,0,48,48,4,4,0,0,0,0,0,0,
440,185.6,2.4,180.8,61,0,68,0,10,28,28,0,0,30,0,0,5,5,0,0,59,59,0,0,0,0,0,0,0,0,
441,185.6,2.59,180.69,61,0,66,0,7,28,28,0,0,45,0,0,2,2,0,0,63,63,0,0,0,2.8,0,0,2.8,0,
442,185.6,2.79,180.6,61,0,65,0,3,28,28,0,0,45,0,0,1,1,0,0,62,62,0,0,0,2.8,0,0,2.8,0,
443,185.6,3.09,180.6,61,0,65,0,1,28,28,0,0,32,10,10,1,1,0,0,54,54,3,3,0,2.8,0,0,2.8,0,
444,185.6,3.4,180.6,63,0,65,0,0,28,28,0,0,22,18,18,2,2,0,0,41,41,6,6,0,2.8,0,0,2.8,0,
445,185.6,3.55,180.64,64.5,0,64.5,0,0,28,28,0,0,23.5,23,23.5,3.5,3.5,0,0,35,35,7.5,8,0,2.8,0,0,2.8,0,
446,185.6,3.7,180.69,66,0,64,0,0,28,28,0,0,25,28,29,5,5,0,0,29,29,9,10,0,2.8,0,0,2.8,0,
447,185.6,3.79,180.69,66,0,64,0,0,28,28,0,0,36,28,29,7,7,0,0,19,19,9,10,0,0,0,0,0,0,
448,185.6,3.9,180.69,66,0,64,0,0,28,28,0,0,40,28,29,7,8,0,0,14,14,9,10,0,0,0,0,0,0,
449,185.6,3.9,180.69,66,0,64,0,0,28,28,0,0,40,18,18,7,7,0,0,13,13,6,6,0,0,0,0,0,0,
450,185.6,3.9,180.69,64,0,62,0,2,30,30,0,0,29,10,10,6,6,0,0,19,19,3,3,0,0,0,0,0,0,
451,185.6,3.9,180.6,60,0,59,0,5,33,33,0,0,19,0,0,3,3,0,0,28,28,0,0,0,0,0,0,0,0,
452,185.8,3.9,180.6,59,0,56,0,8,35,35,0,0,7,0,0,1,1,0,0,38,38,0,0,0,0,0,0,0,0,
453,186.1,3.9,180.6,58,0,55,0,11,39,39,4,4,14,0,0,1,1,0,0,45,45,0,0,0,0,0,0,0,0,
454,186.5,3.9,180.5,62,0,58,0,14,42,42,22,22,13,0,0,0,0,0,0,51,51,0,0,0,0,0,0,0,0,
455,186.89,3.9,180.39,67,0,64,0,13,45,45,42,42,33,0,0,0,0,0,0,58,58,0,0,0,0,0,0,0,0,
456,187.3,3.9,180.39,73,0,72,0,12,48,48,63,63,58,0,0,0,0,0,0,61,61,0,0,0,0,0,0,0,0,
457,187.5,3.9,180.39,79,0,80,0,9,51,51,84,84,78,0,0,0,0,0,0,63,63,0,0,0,0,0,0,0,0,
458,187.55,3.9,180.39,82,0,83,0,7.5,53,53,82.5,82.5,78.5,0,0,0,0,0,0,64,64,0,0,0,0,0,0,0,0,
459,187.6,3.9,180.39,85,0,86,0,6,55,55,81,81,79,0,0,0,0,0,0,65,65,0,0,0,0,0,0,0,0,
460,187.6,3.9,180.3,86,0,86,0,3,58,58,67,67,83,0,0,0,0,0,0,66,66,0,0,0,0,0,0,0,0,
461,187.6,3.9,180.19,84,0,84,0,7,59,59,49,49,80,0,0,0,0,0,0,69,69,0,0,0,0,0,0,0,0,
462,187.6,3.9,180.19,81,0,81,0,8,60,60,28,28,80,0,0,0,0,0,0,76,76,0,0,0,0,0,0,0,0,
463,187.6,3.9,180.19,77,0,77,0,8,59,59,7,7,86,0,0,0,0,0,0,86,86,0,0,0,-1,0,0,-1,0,
464,187.6,3.9,180.19,73,0,73,0,11,56,56,0,0,91,0,0,0,0,0,0,98,98,0,0,0,-1,0,0,-1,0,
465,187.6,3.9,180.3,74,0,74,0,15,53,53,0,0,85,0,0,0,0,0,0,100,100,0,0,0,-1,0,0,-1,0,
466,187.6,3.9,180.3,77,0,77,0,12,50,50,0,0,84,0,0,0,0,0,0,100,100,0,0,0,-1,0,0,-1,0,
467,187.6,3.9,180.39,82,0,82,0,11,47,47,0,0,88,0,0,0,0,0,0,100,100,0,0,0,-1,0,0,-1,0,
468,187.6,3.9,180.39,89,0,89,0,10,46,46,0,0,88,0,0,0,0,0,0,100,100,0,0,0,0,0,0,0,0,
469,187.6,3.9,180.3,95,0,95,0,7,46,46,0,0,89,0,0,0,0,0,0,100,100,0,0,0,0,0,0,0,0,
470,187.6,3.9,180.3,100,0,100,0,6,45,45,0,0,100,0,0,0,0,0,0,100,100,0,0,0,0,0,0,0,0,
471,187.6,3.9,180.3,100,0,100,0,5,45,45,0,0,100,0,0,0,0,0,0,96,96,0,0,0,0,0,0,0,0,
472,187.6,3.9,180.3,100,0,100,0,5,45,45,0,0,99,0,0,0,0,0,0,95.5,95.5,0,0,0,0,0,0,0,0,
473,187.6,3.9,180.3,100,0,100,0,5,45,45,0,0,98,0,0,0,0,0,0,95,95,0,0,0,0,0,0,0,0,
474,187.6,3.9,180.3,100,0,100,0,5,45,45,0,0,98,0,0,0,0,0,0,94,94,0,0,0,0,0,0,0,0,
475,187.6,3.9,180.3,98,0,98,0,5,45,45,0,0,97,0,0,0,0,0,0,93,93,0,0,0,0,0,0,0,0,
476,187.6,3.9,180.3,95,0,95,0,2,45,45,0,0,88,0,0,0,0,0,0,92,92,0,0,0,0,0,0,0,0,
477,187.6,3.9,180.39,88,0,88,0,1,45,45,0,0,49,0,0,0,0,0,0,84,84,0,0,0,0,0,0,0,0,
478,187.6,3.9,180.5,81,0,81,0,0,45,45,0,0,11,2,3,2,2,0,0,71,71,1,1,0,0,0,0,0,0,
479,187.6,3.9,180.6,77,0,77,0,0,45,45,0,0,5.5,2.5,3.5,4,5,0,0,62,62,1,1,0,0,0,0,0,0,
480,187.6,3.9,180.69,73,0,73,0,0,45,45,0,0,0,3,4,6,8,0,0,53,53,1,1,0,0,0,0,0,0,
481,187.6,4.09,180.69,66,0,66,0,0,45,45,0,0,0,3,4,12,15,1,1,35,35,1,1,0,0,0,0,0,0,
482,187.6,4.4,180.8,58,0,58,0,0,45,45,0,0,0,3,4,18,22,2,2,18,18,1,1,0,0,0,0,0,0,
483,187.39,4.69,180.89,54,0,54,0,0,45,45,0,0,0,3,4,24,29,3,3,10,10,1,1,0,0,0,0,0,0,
484,187.29,4.89,180.94,53,0,53,0,0,45,45,0,0,0,2,2.5,26,31,4,4,7,7,0.5,0.5,0,-1.1,0,0,-1.1,0,
485,187.19,5.09,181,52,0,52,0,0,45,45,0,0,0,1,1,28,33,5,5,4,4,0,0,0,-2.2,0,0,-2.2,0,
486,186.89,5.4,181,50,0,50,0,0,43,43,0,0,0,0,0,28,34,7,7,2,2,0,0,0,-2.2,0,0,-2.2,0,
487,186.5,5.59,181.1,47,0,47,0,0,40,40,0,0,0,0,0,26,31,8,8,1,1,0,0,0,-2.2,0,0,-2.2,0,
488,186.19,5.59,181.1,44,0,44,0,0,37,37,0,0,0,0,0,25,29,8,8,0,0,0,0,0,-2.2,0,0,-2.2,0,
489,186.1,5.69,181.1,41,0,41,0,0,34,34,0,0,0,2,3,27,31,7,7,0,0,1,1,0,-2.2,0,0,-2.2,0,
490,186.05,5.69,181.1,39.5,0,39.5,0,0,32,32,0,0,0,4.5,6,29.5,35.5,6,6,0,0,1.5,2,0,-1.1,0,0,-1.1,0,
491,186,5.69,181.1,38,0,38,0,0,30,30,0,0,0,7,9,32,40,5,5,0,0,2,3,0,0,0,0,0,0,
492,186,5.69,181.1,34,0,34,0,2,29,29,0,0,0,15,19,41,50,3,3,0,0,5,6,0,0,0,0,0,0,
493,186,5.69,181.1,29,0,29,0,7,28,28,0,0,0,28,33,57,68,2,2,0,0,9,11,0,0,0,0,0,0,
494,186,5.69,181.1,23,0,23,0,17,30,30,0,0,0,37,44,73,88,0,0,0,0,12,15,0,0,0,0,0,0,
495,186,5.69,181.1,18,0,18,0,30,32,32,0,0,0,44,52,88,100,0,0,0,0,15,17,0,0,0,0,0,0,
496,186,5.69,181.1,12,0,12,0,38,35,35,0,0,0,47,56,98,100,0,0,0,0,16,19,0,0,0,0,0,0,
497,186,5.69,181.19,9,0,9,0,43,39,39,0,0,0,46,56,100,100,0,0,0,0,15,19,0,0,0,0,0,0,
498,186,5.69,181.3,7,0,7,0,41,42,42,0,0,0,42,52,100,100,0,0,0,0,14,17,0,0,0,0,0,0,
499,186,5.69,181.3,7,0,7,0,37,42.5,42.5,0,0,0,41,51.5,100,100,0,0,0,0,13.5,17,0,0,0,0,0,0,
500,186,5.69,181.3,7,0,7,0,33,43,43,0,0,0,40,51,100,100,0,0,0,0,13,17,0,0,0,0,0,0,
501,186,5.69,181.39,7,0,7,0,27,44,44,0,0,0,41,54,100,100,0,0,0,0,14,18,0,0,0,0,0,0,
502,186,5.69,181.39,7,0,7,0,23,44,44,0,0,0,44,60,100,100,0,0,0,0,15,20,0,0,0,0,0,0,
503,186,5.69,181.39,6,0,6,0,19,44,44,0,0,0,48,66,100,100,0,0,0,0,16,22,0,0,0,0,0,0,
504,186,5.69,181.3,6,0,6,0,17,42,42,0,0,0,49,69,100,100,0,0,0,0,16,23,0,0,0,0,0,0,
505,186,5.69,181.3,6,0,6,0,17,38,38,0,0,0,50,72,100,100,0,0,0,0,17,24,0,0,0,0,0,0,
506,186,5.69,181.3,6,0,6,0,13,35,35,0,0,0,48,69,100,100,0,0,0,0,16,23,0,0,0,0,0,0,
507,186,5.69,181.3,6,0,6,0,11,30,30,0,0,0,45,65,92,100,0,0,0,0,15,22,0,0,0,0,0,0,
508,186,5.69,181.39,6,0,6,0,10,26,26,0,0,0,42,60,82,100,0,0,0,0,14,20,0,0,0,0,0,0,
509,186,5.69,181.39,6,0,6,0,10,25,25,0,0,0,40,57,69,99,0,0,0,0,13,19,0,0,0,0,0,0,
510,186,5.69,181.3,9,0,9,0,9,24,24,0,0,0,40,53,57,78,0,0,0,0,13,18,0,0,0,0,0,0,
511,186,5.69,181.3,12,0,12,0,9,24,24,0,0,0,38,49,43,57,0,0,0,0,13,16,0,0,0,0,0,0,
512,186,5.69,181.3,15,0,15,0,9,23,23,0,0,0,39,47,31,38,0,0,0,0,13,16,0,0,0,0,0,0,
513,186,5.69,181.3,18,0,18,0,9,23,23,0,0,0,30,37,21,27,0,0,0,0,10,12,0,0,0,0,0,0,
514,186,5.69,181.3,22,0,22,0,9,21,21,0,0,0,33,37,14,17,0,0,0,0,11,12,0,0,0,0,0,0,
515,186,5.69,181.3,24,0,24,0,9,19,19,0,0,0,37,39,8,10,0,0,0,0,12,13,0,0,0,0,0,0,
516,186,5.69,181.3,23,0,23,0,9,17,17,0,0,0,38,39,6.5,7.5,0,0,0,0,12.5,13,0,0,0,0,0,0,
517,186,5.69,181.3,22,0,22,0,9,15,15,0,0,0,39,39,5,5,0,0,0,0,13,13,0,0,0,0,0,0,
518,186,5.69,181.3,20,0,20,0,9,12,12,0,0,0,29,29,2,2,0,0,0,0,10,10,0,0,0,0,0,0,
519,186,5.69,181.3,17,0,17,0,9,9,9,0,0,0,29,29,1,1,0,0,5,5,10,10,0,0,0,0,0,0,
520,186,5.69,181.19,13,0,13,0,9,7,7,0,0,0,18,18,0,0,0,0,12,12,6,6,0,0,0,0,0,0,
521,186,5.69,181.19,10,0,10,0,9,7,7,0,0,0,7,7,0,0,0,0,18,18,2,2,0,0,0,0,0,0,
522,186,5.69,181.1,9,0,9,0,9,7,7,0,0,0,3,3,0,0,0,0,21,21,1,1,0,0,0,0,0,0,
523,186,5.69,181,8,0,8,0,9,7,7,0,0,0,3,3,0,0,0,0,22,22,1,1,0,0,0,0,0,0,
524,186,5.69,180.89,8,0,8,0,9,6,6,0,0,0,4,5,2,3,0,0,17,17,1,2,0,0,0,0,0,0,
525,186,5.69,180.89,8,0,8,0,9,6,6,0,0,0,6,6,5,6,0,0,10,10,2,2,0,0,0,0,0,0,
526,186,5.69,180.89,8,0,8,0,9,6,6,0,0,0,7,8,9,11,0,0,5,5,2,3,0,0,0,0,0,0,
527,186,5.69,180.89,8,0,8,0,9,6,6,0,0,0,5,7,13,17,0,0,2,2,2,2,0,0,0,0,0,0,
528,186,5.69,180.8,8,0,8,0,9,6,6,0,0,0,6,9,17,23,0,0,1,1,2,3,0,0.6,0,0,0.6,0,
529,186,5.69,180.8,8,0,8,0,9,6,6,0,0,0,6,9,17,23,0,0,1,1,2,3,0,0.6,0,0,0.6,0,
530,186,5.69,180.69,8,0,8,0,9,6,6,0,0,0,11,16,22,32,0,0,0,0,4,5,0,0.6,0,0,0.6,0,
531,186,5.69,180.69,8,0,8,0,9,6,6,0,0,0,13,19,23,34,0,0,0,0,4.5,6,0,0.6,0,0,0.6,0,
532,186,5.69,180.69,8,0,8,0,9,6,6,0,0,0,15,22,24,36,0,0,0,0,5,7,0,0.6,0,0,0.6,0,
533,186,5.69,180.69,8,0,8,0,9,6,6,0,0,0,20,29,26,39,0,0,0,0,7,10,0,0.6,0,0,0.6,0,
534,186,5.69,180.8,8,0,8,0,9,6,6,0,0,0,25,36,27,40,0,0,0,0,8,12,0,0,0,0,0,0,
535,186,5.69,180.8,8,0,8,0,9,6,6,0,0,0,27,41,28,42,0,0,0,0,9,14,0,0,0,0,0,0,
536,186,5.69,180.8,8,0,8,0,9,6,6,0,0,0,27,40,27,40,0,0,0,0,9,13,0,0,0,0,0,0,
537,186,5.69,180.8,8,0,8,0,9,6,6,0,0,0,26,37,25,37,0,0,0,0,9,12,0,0,0,0,0,0,
538,186,5.69,180.89,8,0,8,0,9,6,6,0,0,0,26,38,25,36,0,0,0,0,9,13,0,0,0,0,0,0,
539,186,5.69,180.89,8,0,8,0,9,6,6,0,0,0,27,39,26,37,0,0,0,0,9,13,0,0,0,0,0,0,
540,186,5.69,180.89,8,0,8,0,9,6,6,0,0,0,29,42,26,38,0,0,0,0,10,14,0,0,0,0,0,0,
541,186,5.69,180.89,8,0,8,0,9,6,6,0,0,0,30,44,26,37,0,0,0,0,10,15,0,0,0,0,0,0,
542,186,5.69,180.89,8,0,8,0,9,6,6,0,0,0,31,47,26,40,0,0,0,0,10,16,0,0,0,0,0,0,
543,186,5.69,180.89,8,0,8,0,9,6,6,0,0,0,30,46,26,40,0,0,0,0,10,15,0,0,0,0,0,0,
544,186,5.69,180.85,8,0,8,0,9,6,6,0,0,0,29,44.5,25,38.5,0,0,0,0,9.5,14.5,0,0,0,0,0,0,
545,186,5.69,180.8,8,0,8,0,9,6,6,0,0,0,28,43,24,37,0,0,0,0,9,14,0,0,0,0,0,0,
546,186,5.69,180.8,8,0,8,0,9,6,6,0,0,0,26,38,22,34,0,0,0,0,9,13,0,0,0,0,0,0,

